<?xml version="1.0" encoding="utf-8"?>
<ApplicationInstallerManifest>
   <DefaultInstallationDirectory>/Applications/University_of_Nevada_Reno/MCBAM/</DefaultInstallationDirectory>
   <ApplicationName>MCBAM</ApplicationName>
   <ExecutableName>application/MCBAM.exe</ExecutableName>
   <GUID>4085d518-d430-46e8-bd81-a3c73076af18</GUID>
   <ApplicationIcon>default_icon_48.png</ApplicationIcon>
   <Logo>default_logo.png</Logo>
   <Version>1.0</Version>
   <InstallationNotes>In the following directions, replace MR/v94 by the directory on the target machine where MATLAB is installed, or MR by the directory where the MATLAB Runtime is installed.

If the environment variable DYLD_LIBRARY_PATH is undefined, set it to the following string:

MR/v94/runtime/maci64:MR/v94/sys/os/maci64:MR/v94/bin/maci64

If it is defined, set it to the following:

${DYLD_LIBRARY_PATH}:MR/v94/runtime/maci64:MR/v94/sys/os/maci64:MR/v94/bin/maci64
</InstallationNotes>
   <AuthorOrganization>University of Nevada Reno</AuthorOrganization>
   <Summary>Application for moment curvature analysis of beams with advanced materials.</Summary>
   <WelcomePanelText>MCBAM 1.0
Application for moment curvature analysis of beams with advanced materials.
Suresh Dhakal, sureshdhakal@nevada.unr.edu
Mohamed A. Moustafa, mmoustafa@unr.edu</WelcomePanelText>
   <MCRProducts>
      <MCRProduct>
         <ExternalProductIdentifier>35000</ExternalProductIdentifier>
      </MCRProduct>
      <MCRProduct>
         <ExternalProductIdentifier>35010</ExternalProductIdentifier>
      </MCRProduct>
   </MCRProducts>
</ApplicationInstallerManifest>