<?xml version="1.0" encoding="utf-8"?>
<ApplicationInstallerManifest>
   <DefaultInstallationDirectory>/Applications/University_of_Nevada_Reno/MCBAM/</DefaultInstallationDirectory>
   <ApplicationName>MCBAM</ApplicationName>
   <ExecutableName>application/MCBAM.exe</ExecutableName>
   <GUID>abe2b624-a90f-409a-be51-71f05639e6f5</GUID>
   <ApplicationIcon>default_icon_48.png</ApplicationIcon>
   <Logo>default_logo.png</Logo>
   <Version>1.0</Version>
   <InstallationNotes>In the following directions, replace MR/v94 by the directory on the target machine where MATLAB is installed, or MR by the directory where the MATLAB Runtime is installed.

If the environment variable DYLD_LIBRARY_PATH is undefined, set it to the following string:

MR/v94/runtime/maci64:MR/v94/sys/os/maci64:MR/v94/bin/maci64

If it is defined, set it to the following:

${DYLD_LIBRARY_PATH}:MR/v94/runtime/maci64:MR/v94/sys/os/maci64:MR/v94/bin/maci64
</InstallationNotes>
   <AuthorOrganization>University of Nevada Reno</AuthorOrganization>
   <Summary>MC-BAM is a software for moment-curvature analysis of beams constructed with advanced materials.</Summary>
   <WelcomePanelText>MCBAM 1.0
MC-BAM is a software for moment-curvature analysis of beams constructed with advanced materials.

Features:
Inbuilt constitutive models of different advanced construction materials such as UHPC, HSS rebars and prestressing
Supports custom cross-section geometry
Saves comprehensive report with all the data and figures exported.

Suresh Dhakal, sureshdhakal@nevada.unr.edu
Mohamed A. Moustafa, mmoustafa@unr.edu</WelcomePanelText>
   <MCRProducts>
      <MCRProduct>
         <ExternalProductIdentifier>35000</ExternalProductIdentifier>
      </MCRProduct>
      <MCRProduct>
         <ExternalProductIdentifier>35010</ExternalProductIdentifier>
      </MCRProduct>
   </MCRProducts>
</ApplicationInstallerManifest>